{
  "main": {
    "id": "57c54fe79837e3d2",
    "type": "split",
    "children": [
      {
        "id": "8bafcb1b684442c2",
        "type": "tabs",
        "children": [
          {
            "id": "298a69cecda27816",
            "type": "leaf",
            "state": {
              "type": "graph",
              "state": {}
            }
          }
        ]
      }
    ],
    "direction": "vertical"
  },
  "left": {
    "id": "98eb94eb21a032e2",
    "type": "mobile-drawer",
    "children": [
      {
        "id": "d668b3e56d10a42c",
        "type": "leaf",
        "state": {
          "type": "file-explorer",
          "state": {
            "sortOrder": "alphabetical"
          }
        }
      },
      {
        "id": "2826a0bf8619dbcd",
        "type": "leaf",
        "state": {
          "type": "search",
          "state": {
            "query": "",
            "matchingCase": false,
            "explainSearch": false,
            "collapseAll": false,
            "extraContext": false,
            "sortOrder": "alphabetical"
          }
        }
      },
      {
        "id": "a312be3fe219fe19",
        "type": "leaf",
        "state": {
          "type": "tag",
          "state": {
            "sortOrder": "frequency",
            "useHierarchy": true
          }
        }
      },
      {
        "id": "298ae782f8a7f187",
        "type": "leaf",
        "state": {
          "type": "bookmarks",
          "state": {}
        }
      }
    ],
    "currentTab": 0
  },
  "right": {
    "id": "8bf715ab64bdee2c",
    "type": "mobile-drawer",
    "children": [
      {
        "id": "f470a6cd725746a1",
        "type": "leaf",
        "state": {
          "type": "backlink",
          "state": {
            "collapseAll": false,
            "extraContext": false,
            "sortOrder": "alphabetical",
            "showSearch": false,
            "searchQuery": "",
            "backlinkCollapsed": false,
            "unlinkedCollapsed": true
          }
        }
      },
      {
        "id": "bfe0856da3c7d225",
        "type": "leaf",
        "state": {
          "type": "outgoing-link",
          "state": {
            "linksCollapsed": false,
            "unlinkedCollapsed": true
          }
        }
      },
      {
        "id": "731918b0141b8a35",
        "type": "leaf",
        "state": {
          "type": "outline",
          "state": {}
        }
      }
    ],
    "currentTab": 0
  },
  "left-ribbon": {
    "hiddenItems": {
      "switcher:打开快速切换": false,
      "graph:查看关系图谱": false,
      "canvas:新建白板": false,
      "daily-notes:打开/创建今天的日记": false,
      "templates:插入模板": false,
      "command-palette:打开命令面板": false,
      "publish:发布更改": false,
      "workspaces:管理工作区布局": false,
      "random-note:开始漫游笔记": false
    }
  },
  "active": "298a69cecda27816",
  "lastOpenFiles": [
    "待证/0的加法单位元性质.md",
    "未命名.md",
    "一系列公设/集合相等.md"
  ]
}