{
  "main": {
    "id": "38e7556917118e16",
    "type": "split",
    "children": [
      {
        "id": "3d5140452a847eb9",
        "type": "tabs",
        "children": [
          {
            "id": "470507c836d9e0e2",
            "type": "leaf",
            "state": {
              "type": "empty",
              "state": {}
            }
          }
        ]
      }
    ],
    "direction": "vertical"
  },
  "left": {
    "id": "e5fd2c7b47b09754",
    "type": "mobile-drawer",
    "children": [
      {
        "id": "bd56ed14e2dddf1d",
        "type": "leaf",
        "state": {
          "type": "file-explorer",
          "state": {
            "sortOrder": "alphabetical"
          }
        }
      },
      {
        "id": "44510ae2a6d678c6",
        "type": "leaf",
        "state": {
          "type": "search",
          "state": {
            "query": "",
            "matchingCase": false,
            "explainSearch": false,
            "collapseAll": false,
            "extraContext": false,
            "sortOrder": "alphabetical"
          }
        }
      },
      {
        "id": "57921a3b84e1e2fb",
        "type": "leaf",
        "state": {
          "type": "tag",
          "state": {
            "sortOrder": "frequency",
            "useHierarchy": true
          }
        }
      },
      {
        "id": "092c54b6322ba193",
        "type": "leaf",
        "state": {
          "type": "bookmarks",
          "state": {}
        }
      }
    ],
    "currentTab": 0
  },
  "right": {
    "id": "021ff6b393f38c05",
    "type": "mobile-drawer",
    "children": [
      {
        "id": "fdb20e84b9432a15",
        "type": "leaf",
        "state": {
          "type": "backlink",
          "state": {
            "collapseAll": false,
            "extraContext": false,
            "sortOrder": "alphabetical",
            "showSearch": false,
            "searchQuery": "",
            "backlinkCollapsed": false,
            "unlinkedCollapsed": true
          }
        }
      },
      {
        "id": "25bc72668ce7f648",
        "type": "leaf",
        "state": {
          "type": "outgoing-link",
          "state": {
            "linksCollapsed": true,
            "unlinkedCollapsed": true
          }
        }
      },
      {
        "id": "d7aef25fdd251a32",
        "type": "leaf",
        "state": {
          "type": "outline",
          "state": {}
        }
      }
    ],
    "currentTab": 0
  },
  "left-ribbon": {
    "hiddenItems": {
      "switcher:打开快速切换": false,
      "graph:查看关系图谱": false,
      "canvas:新建白板": false,
      "daily-notes:打开/创建今天的日记": false,
      "templates:插入模板": false,
      "command-palette:打开命令面板": false
    }
  },
  "active": "470507c836d9e0e2",
  "lastOpenFiles": [
    "一系列公设/集合相等.md",
    "一系列公理/等式公理/等式的存在性.md",
    "一堆定理/自身等价.md",
    "一系列公理/等式公理/命题对象传递性.md",
    "一系列公设/等号及不等号.md",
    "一系列公设/集合.md",
    "一系列公理/空集存在性.md",
    "待证/0的加法单位元性质.md",
    "一系列公理/等式公理",
    "待证",
    "一系列公设",
    "一系列公理/皮亚诺公理",
    "一堆定理/等式的双边传递性.md",
    "一堆定理",
    "一系列公理"
  ]
}